PLATE,SOURCE,TIME
KA02MP9657,car.jpg,2026-05-17 18:54:56
KA02MP9657,car.jpg,2026-05-17 19:00:07
TH875106,webcam,2026-05-19 22:27:20
TH875406,webcam,2026-05-19 22:27:20
TN8705106,webcam,2026-05-19 22:27:21
TN8705406,webcam,2026-05-19 22:27:21
TH8705406,webcam,2026-05-19 22:27:21
TH8705106,webcam,2026-05-19 22:27:23
TH8705106,webcam,2026-05-19 22:27:24
NDTN8705106,webcam,2026-05-19 22:27:24
TM8705106,webcam,2026-05-19 22:27:24
TH8705106,webcam,2026-05-19 22:27:24
TH8705106,webcam,2026-05-19 22:27:25
TH8705406,webcam,2026-05-19 22:27:25
TN8705406,webcam,2026-05-19 22:27:25
TN875106,webcam,2026-05-19 22:27:25
TN8705406,webcam,2026-05-19 22:27:26
TM8705406,webcam,2026-05-19 22:27:26
TN8705406,webcam,2026-05-19 22:27:26
TN8705106,webcam,2026-05-19 22:27:26
TN8705106,webcam,2026-05-19 22:27:26
TN8705406,webcam,2026-05-19 22:27:27
TN8705106,webcam,2026-05-19 22:27:27
TK875106,webcam,2026-05-19 22:27:27
TM8705406,webcam,2026-05-19 22:27:28
NDTN8705106,webcam,2026-05-19 22:27:28
T88705106,webcam,2026-05-19 22:27:28
TM8705106,webcam,2026-05-19 22:27:28
TH8705106,webcam,2026-05-19 22:27:28
NDTN8705106,webcam,2026-05-19 22:27:29
TN875106,webcam,2026-05-19 22:27:29
TN8705106,webcam,2026-05-19 22:27:29
TM8705106,webcam,2026-05-19 22:27:29
TH8705106,webcam,2026-05-19 22:27:29
TN8705106,webcam,2026-05-19 22:27:30
TN875106,webcam,2026-05-19 22:27:30
TH875106,webcam,2026-05-19 22:27:30
TH875106,webcam,2026-05-19 22:27:30
TN875106,webcam,2026-05-19 22:27:30
TM8705106,webcam,2026-05-19 22:27:31
TN8705106,webcam,2026-05-19 22:27:31
TN8705106,webcam,2026-05-19 22:27:31
TH875106,webcam,2026-05-19 22:27:31
TN8705106,webcam,2026-05-19 22:27:31
TN8705106,webcam,2026-05-19 22:27:32
TM8705106,webcam,2026-05-19 22:27:32
TH8705106,webcam,2026-05-19 22:27:32
TM8705406,webcam,2026-05-19 22:27:32
TH8705106,webcam,2026-05-19 22:27:32
TH82051NE,webcam,2026-05-19 22:27:33
T8705406,webcam,2026-05-19 22:27:33
TN8705106,webcam,2026-05-19 22:27:33
TM8705106,webcam,2026-05-19 22:27:33
TM8705106,webcam,2026-05-19 22:27:33
TN8705106,webcam,2026-05-19 22:27:34
TN8705106,webcam,2026-05-19 22:27:34
TN8705106,webcam,2026-05-19 22:27:34
TN8705106,webcam,2026-05-19 22:27:34
TH8705106,webcam,2026-05-19 22:27:35
TH8705106,webcam,2026-05-19 22:27:35
TH8705406,webcam,2026-05-19 22:27:35
TK875106,webcam,2026-05-19 22:27:35
TN8705106,webcam,2026-05-19 22:27:36
TN8705106,webcam,2026-05-19 22:27:36
TH8705106,webcam,2026-05-19 22:27:36
TN8705106,webcam,2026-05-19 22:27:36
TM8705106,webcam,2026-05-19 22:27:36
TN8705106,webcam,2026-05-19 22:27:37
TN8705106,webcam,2026-05-19 22:27:37
TN8705106,webcam,2026-05-19 22:27:37
TK8705106,webcam,2026-05-19 22:27:37
TN8705106,webcam,2026-05-19 22:27:37
TN8705106,webcam,2026-05-19 22:27:38
TA8705106,webcam,2026-05-19 22:27:38
TM8705106,webcam,2026-05-19 22:27:38
TH8705106,webcam,2026-05-19 22:27:38
TA8705106,webcam,2026-05-19 22:27:38
TN8705106,webcam,2026-05-19 22:27:39
TK8705106,webcam,2026-05-19 22:27:39
TH8705106,webcam,2026-05-19 22:27:39
TH8705106,webcam,2026-05-19 22:27:40
TH8705106,webcam,2026-05-19 22:27:40
TH8705106,webcam,2026-05-19 22:27:40
TH8705106,webcam,2026-05-19 22:27:40
TH8705106,webcam,2026-05-19 22:27:40
TN8705106,webcam,2026-05-19 22:27:41
TH8705106,webcam,2026-05-19 22:27:41
TH875106,webcam,2026-05-19 22:27:42
TH8705106,webcam,2026-05-19 22:27:42
TH875106,webcam,2026-05-19 22:27:42
TM8705106,webcam,2026-05-19 22:27:42
TM8705106,webcam,2026-05-19 22:27:42
ETH8705106,webcam,2026-05-19 22:27:42
TH8705106,webcam,2026-05-19 22:27:43
TH8705106,webcam,2026-05-19 22:27:43
ETN8705106,webcam,2026-05-19 22:27:43
0TH8705106,webcam,2026-05-19 22:27:43
NDTH8705106,webcam,2026-05-19 22:27:43
TN8705106,webcam,2026-05-19 22:27:44
TN8705106,webcam,2026-05-19 22:27:44
TH8705106,webcam,2026-05-19 22:27:44
TH8705106,webcam,2026-05-19 22:27:44
TN8705106,webcam,2026-05-19 22:27:44
TN8705106,webcam,2026-05-19 22:27:45
TN8705106,webcam,2026-05-19 22:27:45
TH8705106,webcam,2026-05-19 22:27:45
TN8705106,webcam,2026-05-19 22:27:45
TH8705106,webcam,2026-05-19 22:27:45
TH8705106,webcam,2026-05-19 22:27:46
TH8705106,webcam,2026-05-19 22:27:46
TN8705106,webcam,2026-05-19 22:27:46
TK8705106,webcam,2026-05-19 22:27:46
TM8705106,webcam,2026-05-19 22:27:46
TM8705106,webcam,2026-05-19 22:27:47
TN8705106,webcam,2026-05-19 22:27:47
TN8705106,webcam,2026-05-19 22:27:47
TN8705106,webcam,2026-05-19 22:27:47
TN8705106,webcam,2026-05-19 22:27:47
TN8705106,webcam,2026-05-19 22:27:47
TN8705106,webcam,2026-05-19 22:27:48
TH8705106,webcam,2026-05-19 22:27:48
TH87051DE,webcam,2026-05-19 22:27:48
TH8705106,webcam,2026-05-19 22:27:48
TN8705106,webcam,2026-05-19 22:27:49
TH8705106,webcam,2026-05-19 22:27:49
0T8705106,webcam,2026-05-19 22:27:49
TN8705106,webcam,2026-05-19 22:27:49
TN8705106,webcam,2026-05-19 22:27:49
TH8705106,webcam,2026-05-19 22:27:50
TH8705106,webcam,2026-05-19 22:27:50
TH8705106,webcam,2026-05-19 22:27:50
TM8705106,webcam,2026-05-19 22:27:50
TM8705106,webcam,2026-05-19 22:27:50
TM8705106,webcam,2026-05-19 22:27:50
TH8705106,webcam,2026-05-19 22:27:51
TN8705106,webcam,2026-05-19 22:27:51
TH8705106,webcam,2026-05-19 22:27:51
TM8705106,webcam,2026-05-19 22:27:51
TK8705106,webcam,2026-05-19 22:27:51
TM8705106,webcam,2026-05-19 22:27:52
TN8705106,webcam,2026-05-19 22:27:52
TN8705106,webcam,2026-05-19 22:27:52
TK8705106,webcam,2026-05-19 22:27:52
TM8705106,webcam,2026-05-19 22:27:52
TH8705106,webcam,2026-05-19 22:27:53
TN8705106,webcam,2026-05-19 22:27:53
TU8705106,webcam,2026-05-19 22:27:53
TM8705106,webcam,2026-05-19 22:27:53
TH8705106,webcam,2026-05-19 22:27:53
TM8705106,webcam,2026-05-19 22:27:53
TN8705106,webcam,2026-05-19 22:27:54
TM8705106,webcam,2026-05-19 22:27:54
TK8705106,webcam,2026-05-19 22:27:54
TN8705106,webcam,2026-05-19 22:27:54
TN8705106,webcam,2026-05-19 22:27:54
TN8705106,webcam,2026-05-19 22:27:55
TM875406,webcam,2026-05-19 22:27:55
TN8705106,webcam,2026-05-19 22:27:55
TM8705106,webcam,2026-05-19 22:27:55
TM8705106,webcam,2026-05-19 22:27:55
TM8705106,webcam,2026-05-19 22:27:55
TN8705106,webcam,2026-05-19 22:27:56
TM8705106,webcam,2026-05-19 22:27:56
TN875106,webcam,2026-05-19 22:27:56
TN8705106,webcam,2026-05-19 22:27:56
TN8705106,webcam,2026-05-19 22:27:56
TH8705106,webcam,2026-05-19 22:27:56
TH8705106,webcam,2026-05-19 22:27:57
TH8705106,webcam,2026-05-19 22:27:57
TN8705106,webcam,2026-05-19 22:27:57
TN8705106,webcam,2026-05-19 22:27:57
TH8705106,webcam,2026-05-19 22:27:57
TN8705106,webcam,2026-05-19 22:27:58
TN8705106,webcam,2026-05-19 22:27:58
TN8705106,webcam,2026-05-19 22:27:58
TM8705406,webcam,2026-05-19 22:27:58
TM8705106,webcam,2026-05-19 22:27:58
TN8705106,webcam,2026-05-19 22:27:58
TK8705106,webcam,2026-05-19 22:27:59
TH8705106,webcam,2026-05-19 22:27:59
TH8705106,webcam,2026-05-19 22:27:59
TH8705106,webcam,2026-05-19 22:27:59
TH8705106,webcam,2026-05-19 22:27:59
TH8705106,webcam,2026-05-19 22:28:00
TH8705106,webcam,2026-05-19 22:28:00
TN8705106,webcam,2026-05-19 22:28:00
TH8705106,webcam,2026-05-19 22:28:00
TN875106,webcam,2026-05-19 22:28:00
TH8705106,webcam,2026-05-19 22:28:01
TN8705106,webcam,2026-05-19 22:28:01
TN8705106,webcam,2026-05-19 22:28:01
TH8705106,webcam,2026-05-19 22:28:01
TU8705106,webcam,2026-05-19 22:28:01
TN8705106,webcam,2026-05-19 22:28:01
THE8705106,webcam,2026-05-19 22:28:02
TN8705106,webcam,2026-05-19 22:28:02
TN8705106,webcam,2026-05-19 22:28:02
TN8705106,webcam,2026-05-19 22:28:02
TN8705106,webcam,2026-05-19 22:28:02
TH8705106,webcam,2026-05-19 22:28:02
TH8705106,webcam,2026-05-19 22:28:03
TH8705106,webcam,2026-05-19 22:28:03
TN8705106,webcam,2026-05-19 22:28:03
TN8705106,webcam,2026-05-19 22:28:03
TM8705106,webcam,2026-05-19 22:28:03
TN8705106,webcam,2026-05-19 22:28:03
TN8705106,webcam,2026-05-19 22:28:04
TN8705106,webcam,2026-05-19 22:28:04
TH8705106,webcam,2026-05-19 22:28:04
TH8705106,webcam,2026-05-19 22:28:04
TH8705106,webcam,2026-05-19 22:28:04
TH8705106,webcam,2026-05-19 22:28:05
TH8705106,webcam,2026-05-19 22:28:05
TN8705106,webcam,2026-05-19 22:28:05
TK8705106,webcam,2026-05-19 22:28:05
TH8705106,webcam,2026-05-19 22:28:05
TK8710E1DE,webcam,2026-05-19 22:28:05
TN875106,webcam,2026-05-19 22:28:06
T8705106,webcam,2026-05-19 22:28:06
T8705106,webcam,2026-05-19 22:28:06
TM8705106,webcam,2026-05-19 22:28:06
TN875106,webcam,2026-05-19 22:28:06
TN8705106,webcam,2026-05-19 22:28:06
TM8705106,webcam,2026-05-19 22:28:07
TH8705406,webcam,2026-05-19 22:28:07
TN8705106,webcam,2026-05-19 22:28:07
TH8705106,webcam,2026-05-19 22:28:07
TH8705106,webcam,2026-05-19 22:28:07
TH8705106,webcam,2026-05-19 22:28:07
TH8705106,webcam,2026-05-19 22:28:08
TH8705106,webcam,2026-05-19 22:28:08
TH8705106,webcam,2026-05-19 22:28:08
TK8705106,webcam,2026-05-19 22:28:08
TN8705106,webcam,2026-05-19 22:28:08
TH8705106,webcam,2026-05-19 22:28:08
TH8705106,webcam,2026-05-19 22:28:09
TN8705106,webcam,2026-05-19 22:28:09
TU8705106,webcam,2026-05-19 22:28:09
TN8705106,webcam,2026-05-19 22:28:09
TN8705106,webcam,2026-05-19 22:28:09
TH8705106,webcam,2026-05-19 22:28:10
TH8705106,webcam,2026-05-19 22:28:10
TH8705106,webcam,2026-05-19 22:28:10
TH8705106,webcam,2026-05-19 22:28:10
TH8705106,webcam,2026-05-19 22:28:10
TN8705106,webcam,2026-05-19 22:28:11
TN8705106,webcam,2026-05-19 22:28:11
TH8705106,webcam,2026-05-19 22:28:11
TN8705106,webcam,2026-05-19 22:28:11
TH8705106,webcam,2026-05-19 22:28:11
TN875106,webcam,2026-05-19 22:28:11
TN8705106,webcam,2026-05-19 22:28:12
TN8705106,webcam,2026-05-19 22:28:12
TN8705106,webcam,2026-05-19 22:28:12
TH8705106,webcam,2026-05-19 22:28:12
TN8705106,webcam,2026-05-19 22:28:12
TH8705106,webcam,2026-05-19 22:28:12
TM8705106,webcam,2026-05-19 22:28:13
TN875106,webcam,2026-05-19 22:28:13
TM8705106,webcam,2026-05-19 22:28:13
TU8705106,webcam,2026-05-19 22:28:13
TU8705106,webcam,2026-05-19 22:28:13
TM8705406,webcam,2026-05-19 22:28:13
TM875106,webcam,2026-05-19 22:28:13
TN8705106,webcam,2026-05-19 22:28:14
TM8705106,webcam,2026-05-19 22:28:14
TN8705106,webcam,2026-05-19 22:28:14
TN875106,webcam,2026-05-19 22:28:14
TN8705106,webcam,2026-05-19 22:28:14
TN875106,webcam,2026-05-19 22:28:14
TM8705106,webcam,2026-05-19 22:28:15
TH875106,webcam,2026-05-19 22:28:15
TM875106,webcam,2026-05-19 22:28:15
TM8705106,webcam,2026-05-19 22:28:15
TH875106,webcam,2026-05-19 22:28:15
TN875106,webcam,2026-05-19 22:28:15
TH8705106,webcam,2026-05-19 22:28:15
TN8705106,webcam,2026-05-19 22:28:16
TH8705106,webcam,2026-05-19 22:28:16
TM8705106,webcam,2026-05-19 22:28:16
TN875106,webcam,2026-05-19 22:28:16
TM875106,webcam,2026-05-19 22:28:16
TM8705106,webcam,2026-05-19 22:28:16
TH8705106,webcam,2026-05-19 22:28:16
TN875106,webcam,2026-05-19 22:28:17
TM8705106,webcam,2026-05-19 22:28:17
TN8705106,webcam,2026-05-19 22:28:17
TN8705106,webcam,2026-05-19 22:28:17
TM875106,webcam,2026-05-19 22:28:17
TN8705106,webcam,2026-05-19 22:28:17
TM8705106,webcam,2026-05-19 22:28:18
TM8705106,webcam,2026-05-19 22:28:18
TH875106,webcam,2026-05-19 22:28:18
TM8705106,webcam,2026-05-19 22:28:18
TM8705106,webcam,2026-05-19 22:28:18
TM875106,webcam,2026-05-19 22:28:18
T88705106,webcam,2026-05-19 22:28:18
TM875106,webcam,2026-05-19 22:28:18
TN8705106,webcam,2026-05-19 22:28:19
TH875106,webcam,2026-05-19 22:28:19
TM875106,webcam,2026-05-19 22:28:19
TH8705106,webcam,2026-05-19 22:28:19
TN8705106,webcam,2026-05-19 22:28:19
TM8705106,webcam,2026-05-19 22:28:19
TN8705106,webcam,2026-05-19 22:28:19
TM875106,webcam,2026-05-19 22:28:20
UP32J3010,webcam,2026-05-19 23:11:01
KUP32J83010,webcam,2026-05-19 23:11:01
UP32JY3010,webcam,2026-05-19 23:11:02
UP32J3010,webcam,2026-05-19 23:11:02
UP32J3010,webcam,2026-05-19 23:11:02
UP32J3010,webcam,2026-05-19 23:11:02
UP32J83010,webcam,2026-05-19 23:11:02
UP32J3010,webcam,2026-05-19 23:11:02
UP32J3010,webcam,2026-05-19 23:11:02
FUP32J3010,webcam,2026-05-19 23:11:03
UP32J3010,webcam,2026-05-19 23:11:03
UP32JY3010,webcam,2026-05-19 23:11:03
UP32J3010,webcam,2026-05-19 23:11:03
UP32J3010,webcam,2026-05-19 23:11:03
UP32J83010,webcam,2026-05-19 23:11:03
KUP32JY3010,webcam,2026-05-19 23:11:03
UP32JY3010,webcam,2026-05-19 23:11:03
LUP32JY3010,webcam,2026-05-19 23:11:03
UP32JY3010,webcam,2026-05-19 23:11:03
UP32JY3010,webcam,2026-05-19 23:11:04
KUP32J83010,webcam,2026-05-19 23:11:04
UP32JY3010,webcam,2026-05-19 23:11:04
UP32J83010,webcam,2026-05-19 23:11:04
RUP32J83010,webcam,2026-05-19 23:11:04
UP32J3010,webcam,2026-05-19 23:11:04
UP32J3010,webcam,2026-05-19 23:11:04
UP32J3010,webcam,2026-05-19 23:11:04
UP32J83010,webcam,2026-05-19 23:11:04
UP32J3010,webcam,2026-05-19 23:11:04
UP32J3010,webcam,2026-05-19 23:11:05
UP32J3010,webcam,2026-05-19 23:11:05
EUP32JV3010,webcam,2026-05-19 23:11:05
UP32J3010,webcam,2026-05-19 23:11:05
UP32J83010,webcam,2026-05-19 23:11:05
UP32J3010,webcam,2026-05-19 23:11:05
UP32J83010,webcam,2026-05-19 23:11:05
UP32J83010,webcam,2026-05-19 23:11:05
UP32JY3010,webcam,2026-05-19 23:11:05
UP32J3010,webcam,2026-05-19 23:11:05
UP32JY3010,webcam,2026-05-19 23:11:06
EUP32J3010,webcam,2026-05-19 23:11:06
UP32J3010,webcam,2026-05-19 23:11:06
UP32JY3010,webcam,2026-05-19 23:11:06
UP32J3010,webcam,2026-05-19 23:11:06
B3773290,webcam,2026-05-19 23:20:11
RJ11CV0002,webcam,2026-05-19 23:21:14
RJ11CV0002,webcam,2026-05-19 23:21:14
RJ11CV0002,webcam,2026-05-19 23:21:14
RJ11CV0002,webcam,2026-05-19 23:21:15
RJ11CV0002,webcam,2026-05-19 23:21:15
RJ11CY0002,webcam,2026-05-23 16:09:50
RJ11CV0002,webcam,2026-05-23 16:09:51
RJ11CV00,webcam,2026-05-23 16:09:51
RJ1CV0002,webcam,2026-05-23 16:09:51
228H6517AF,webcam,2026-05-23 16:09:51
RJ11CV06,webcam,2026-05-23 16:09:51
RJ11CV0002,webcam,2026-05-23 16:09:51
228H6517A,webcam,2026-05-23 16:09:51
RJ16CV00,webcam,2026-05-23 16:09:51
RJ11CV0002,webcam,2026-05-23 16:09:51
RJ11CV00,webcam,2026-05-23 16:09:51
228H6517A,webcam,2026-05-23 16:09:51
RJILCV0O02,webcam,2026-05-23 16:30:50
RJILCVOO02,webcam,2026-05-23 16:30:51
RJIZCYOO02,webcam,2026-05-23 16:30:51
RJILCVOOO2,webcam,2026-05-23 16:30:51
RJILCYOOOZ,webcam,2026-05-23 16:30:51
RJ1GCY000Z,webcam,2026-05-23 16:39:02
EJAZV0002,webcam,2026-05-23 16:39:03
RJ72C0002,webcam,2026-05-23 16:39:03
R314CDO02,webcam,2026-05-23 16:39:03
R317CVOO,webcam,2026-05-23 16:39:04
BJ1C0002,webcam,2026-05-23 16:39:04
807SRF46,webcam,2026-05-23 16:40:22
3TIZDLILII,webcam,2026-05-23 16:40:24
3023QER204,webcam,2026-05-23 16:40:24
RJILCV0O0Z,webcam,2026-05-23 16:44:18
RJILCVOO02,webcam,2026-05-23 16:44:19
RJILCVOOO2I,webcam,2026-05-23 16:44:19
RJ1LCV0002,webcam,2026-05-23 16:44:20
RJ1ZCVOOO2,webcam,2026-05-23 16:44:21
RJILCVOO02,webcam,2026-05-23 16:44:22
RJIZCVOO02,webcam,2026-05-23 16:44:22
RJ1LCV0002,webcam,2026-05-23 16:49:54
RJ1LCV0002,webcam,2026-05-23 16:49:54
RJ1LCV0002,webcam,2026-05-23 16:49:55
RJ1LCV0002,webcam,2026-05-23 16:49:55
RJ1LCV0002,webcam,2026-05-23 16:49:56
RJ1LC0002,webcam,2026-05-23 16:49:57
RJ1GCY0002,webcam,2026-05-23 16:49:58
RJ1LCV0002,webcam,2026-05-23 16:49:58
RJ1LCY0002,webcam,2026-05-23 16:49:59
RJT2CV0002,webcam,2026-05-23 16:56:53
RJ11CV0002,webcam,2026-05-23 16:56:53
RJ11CV0002,webcam,2026-05-23 16:56:53
RJ11CVO0021,webcam,2026-05-23 16:56:54
RJ11CV0002,webcam,2026-05-23 16:56:54
RJ1GCV0002,webcam,2026-05-23 16:56:54
RJ11CV0002,webcam,2026-05-23 16:56:55
RJTTZCVO6021,webcam,2026-05-23 16:56:57
RJ11CV0002,webcam,2026-05-23 16:56:57
RJ11CV0002,webcam,2026-05-23 16:56:58
RJ11CVO0021,webcam,2026-05-23 16:56:58
RJ11V20C2,webcam,2026-05-23 17:00:12
RJ11CV0002,webcam,2026-05-23 17:00:12
RJ11CV0002,webcam,2026-05-23 17:00:12
RJ11CVO0024,webcam,2026-05-23 17:00:13
RJ11CV0002,webcam,2026-05-23 17:00:13
RJ1GCVO0027,webcam,2026-05-23 17:03:04
RJ1GCV0027,webcam,2026-05-23 17:03:05
RJ12CV0Q,webcam,2026-05-23 17:03:05
RJ12CV002,webcam,2026-05-23 17:03:06
RJ1CCVO002T,webcam,2026-05-23 17:03:07
RJ12CV0005,webcam,2026-05-23 17:03:08
RJ1CCV0002,webcam,2026-05-23 17:03:08
RJ14CV0002,webcam,2026-05-23 17:03:09
RJ14CV0002,webcam,2026-05-23 17:03:09
RJ14CV0002,webcam,2026-05-23 17:03:09
HR98AA7777,webcam,2026-05-23 17:05:17
HR98AA7777,webcam,2026-05-23 17:05:18
HR98AA7777,webcam,2026-05-23 17:05:18
HR98AA7777,webcam,2026-05-23 17:05:19
HR98AA7777,webcam,2026-05-23 17:05:19
ZZ8H6517,webcam,2026-05-23 17:06:53
ZZ8H6517A,webcam,2026-05-23 17:06:54
ZZ8H6517A,webcam,2026-05-23 17:06:55
ZZ8H6517A,webcam,2026-05-23 17:06:55
ZZ8H6517A,webcam,2026-05-23 17:06:56
ZZ8H6517A,webcam,2026-05-23 17:06:56
22BH6517,webcam,2026-05-23 17:10:58
22BH6517A,webcam,2026-05-23 17:10:59
22BH6517A,webcam,2026-05-23 17:11:00
22BH6517A,webcam,2026-05-23 17:11:00
22BH651A,webcam,2026-05-23 17:11:01
22BH6517A,webcam,2026-05-23 17:11:01
RJ12CV0002,webcam,2026-05-23 17:12:04
RJ14CV0002,webcam,2026-05-23 17:12:05
RJ14CVO002C,webcam,2026-05-23 17:12:05
RJ4C1002,webcam,2026-05-23 17:12:05
RJ4CI0002,webcam,2026-05-23 17:12:06
RJT2CTC0002,webcam,2026-05-23 17:14:19
IDRJICCV0002,webcam,2026-05-23 17:14:19
RJ14CV0002,webcam,2026-05-23 17:14:20
KJ1GCVO0021,webcam,2026-05-23 17:14:20
RJ1CCV0702,webcam,2026-05-23 17:14:21
RJ14CVO3021,webcam,2026-05-23 17:14:21
JI4CVO1021,webcam,2026-05-23 17:14:22
RJ1GCV0102,webcam,2026-05-23 17:14:22
RJ1GCV0002,webcam,2026-05-23 17:21:42
RJ12CV0002,webcam,2026-05-23 17:21:42
RJ12CV0002,webcam,2026-05-23 17:21:43
RJ12CV0002,webcam,2026-05-23 17:21:43
RJ1ELCV0002,webcam,2026-05-23 17:21:43
HB06F5977,webcam,2026-05-23 17:29:13
NB06F5977N1G,webcam,2026-05-23 17:29:14
HB06F59771ND,webcam,2026-05-23 17:29:14
HB06F59771ND,webcam,2026-05-23 17:29:15
HB06F59771ND,webcam,2026-05-23 17:29:15
HB06F59771ND,webcam,2026-05-23 17:29:16
NB06F5977,webcam,2026-05-23 17:46:38
HB06F5977,webcam,2026-05-23 17:46:38
HB06F5977,webcam,2026-05-23 17:46:39
HB06F5977,webcam,2026-05-23 17:46:40
22BH6517A,webcam,2026-05-23 17:52:37
22BH6517A,webcam,2026-05-23 17:52:38
22BH6517A,webcam,2026-05-23 17:52:38
22BH6517A7,webcam,2026-05-23 17:52:39
22BH6517A,webcam,2026-05-23 17:52:39
22BH6517A,webcam,2026-05-23 17:52:39
RJ2CY0002,webcam,2026-05-23 17:53:39
RJ11CV0002,webcam,2026-05-23 17:53:39
RJ11CV0002,webcam,2026-05-23 17:53:39
RJ11CY0002,webcam,2026-05-23 17:53:39
RJ11CV0002,webcam,2026-05-23 17:53:39
RJ11CV0002,webcam,2026-05-23 17:53:40
RJ11CV0002,webcam,2026-05-23 17:53:40
RJ11CV0002,webcam,2026-05-23 17:53:40
RJ11CV0002,webcam,2026-05-23 17:53:40
RJ11CV0002,webcam,2026-05-23 17:53:41
RJ11CVO002,webcam,2026-05-23 17:53:41
RJ11CV0002,webcam,2026-05-26 20:55:41
RJ11CV0002,webcam,2026-05-26 20:55:42
RJ11CV0002,webcam,2026-05-26 20:55:42
RJ11CY0002,webcam,2026-05-26 20:55:43
RJ1GCY0002,webcam,2026-05-26 20:55:44
RJ11CV0002,webcam,2026-05-26 20:55:45
RJ1GCV0002,webcam,2026-05-26 21:00:15
RJ12CV002,webcam,2026-05-26 21:00:16
RJ12CV01,webcam,2026-05-26 21:00:16
RJ11CYM002,webcam,2026-05-26 21:00:17
RJ1GCV00,webcam,2026-05-26 21:00:20
RJ12CV0002,webcam,2026-05-26 21:00:21
RJ1CV0002,webcam,2026-05-26 21:00:23
RJ11CV0002,webcam,2026-05-26 21:00:24
RJ11CV0002,webcam,2026-05-26 21:00:24
RJ11CVO002,webcam,2026-05-27 00:18:14
RJ1GCV0002,webcam,2026-05-27 00:18:14
RJ11CVO002,webcam,2026-05-27 00:18:15
RJ1GCV0002,webcam,2026-05-27 00:18:16
RJ11CV0002,webcam,2026-05-27 00:18:16
RJ11CVO002,webcam,2026-05-27 00:18:17
RJ11CVO002,webcam,2026-05-27 00:18:18
JI1V0002,webcam,2026-05-27 00:19:18
RJ11CV0002,webcam,2026-05-27 00:19:19
RJ11CV0002,webcam,2026-05-27 00:19:19
RJ11CY00,webcam,2026-05-27 00:19:20
RJ1GCY0002,webcam,2026-05-27 00:19:22
RJ11CV0002,webcam,2026-05-27 00:19:22
RJ11CV0002,webcam,2026-05-27 00:19:24
RJ1GCV00E,webcam,2026-05-27 00:19:25
RJ12CYO002,webcam,2026-05-27 00:19:30
JI1CV0002,webcam,2026-05-27 00:19:30
JI1CV0002,webcam,2026-05-27 00:19:31
RJ11CV0002,webcam,2026-05-27 00:19:32
RJ11CV0002,webcam,2026-05-27 00:19:33
RJT2CV0802,webcam,2026-05-27 00:22:42
RJT2CV06,webcam,2026-05-27 00:22:43
RJ11CV0002,webcam,2026-05-27 00:22:49
ILCV0002,webcam,2026-05-27 00:22:50
JI1CV0002,webcam,2026-05-27 00:22:51
RJ11CYO002,webcam,2026-05-27 00:22:51
RJ11CV0002,webcam,2026-05-27 00:22:53
LCV00025,webcam,2026-05-27 00:22:54
RJ11CVO002,webcam,2026-05-27 00:22:56
RJ11CV0002,webcam,2026-05-27 00:22:57
RJ12CV0002,webcam,2026-05-27 00:25:24
RJ12CV0002,webcam,2026-05-27 00:25:26
RJ14CV0002,webcam,2026-05-27 00:25:28
RJ12CV0002,webcam,2026-05-27 00:25:30
RJX4CV0002,webcam,2026-05-27 00:27:25
JIGCO002E,webcam,2026-05-27 00:27:26
RJ14CY0002,webcam,2026-05-27 00:27:26
JI4CV0002,webcam,2026-05-27 00:27:27
RJ14CV0002,webcam,2026-05-27 00:27:28
JI4CV0002,webcam,2026-05-27 00:27:28
RJ14CV0002,webcam,2026-05-27 00:27:29
RJ14CV0002,webcam,2026-05-27 00:27:29
JI4CV0002,webcam,2026-05-27 00:27:30
RJ14CYO002,webcam,2026-05-27 00:27:31
JI4CV0002,webcam,2026-05-27 00:27:32
RJ14CYO002,webcam,2026-05-27 00:27:32
22BH6517A,webcam,2026-05-27 00:30:57
22BH6517,webcam,2026-05-27 00:30:57
22BH6517,webcam,2026-05-27 00:30:58
22BH6517,webcam,2026-05-27 00:30:58
22BH6517A,webcam,2026-05-27 00:30:59
22BH65I7A,webcam,2026-05-27 00:31:00
22BH6517A,webcam,2026-05-27 00:31:00
22BH6517,webcam,2026-05-27 00:31:01
22BH6517A,webcam,2026-05-27 00:31:02
22BH6517A,webcam,2026-05-27 00:31:02
22BH6517A,webcam,2026-05-27 00:39:23
22BH6517A,webcam,2026-05-27 00:39:24
22BH6517A,webcam,2026-05-27 00:39:24
JI4CV0002,webcam,2026-05-31 23:12:22
JI4CV0002,webcam,2026-05-31 23:12:23
JI4CV0002,webcam,2026-05-31 23:12:24
JI4CV0002,webcam,2026-05-31 23:12:24
JI4CV0002,webcam,2026-05-31 23:12:25
JI4CV0002,webcam,2026-05-31 23:12:26
RJ14CV0002,webcam,2026-05-31 23:12:26
RJ14CY0002,webcam,2026-05-31 23:12:27
RJ14CV0002,webcam,2026-05-31 23:12:28
RJ14CV0002,webcam,2026-05-31 23:12:29
RJ14CV0002,webcam,2026-05-31 23:12:30
RJ14CV0002,webcam,2026-05-31 23:12:31
RJ14CV0002,webcam,2026-05-31 23:16:34
RJ14CV0002,webcam,2026-05-31 23:16:35
RJ14CV0002,webcam,2026-05-31 23:16:36
RJ14CV0002,webcam,2026-05-31 23:16:36
RJ14CV0002,webcam,2026-05-31 23:16:37
RJ14CV0002,webcam,2026-05-31 23:16:40
AB06F5977,webcam,2026-05-31 23:18:20
AB06F5977,webcam,2026-05-31 23:18:22
AB06F5977,webcam,2026-05-31 23:18:26
AB06F5977,webcam,2026-05-31 23:18:26
AB06F5977,webcam,2026-05-31 23:18:28
IB06F5977,webcam,2026-05-31 23:18:29
IB06F5977,webcam,2026-05-31 23:18:32
22BH6517A,webcam,2026-05-31 23:32:14
22BH6517A,webcam,2026-05-31 23:32:16
22BH6517A,webcam,2026-05-31 23:32:16
22BH6517A,webcam,2026-05-31 23:32:17
22BH6517,webcam,2026-05-31 23:32:18
22BH6517A,webcam,2026-05-31 23:32:18
22BH6517,webcam,2026-05-31 23:32:19
22BH6517,webcam,2026-05-31 23:32:20
22BH6517,webcam,2026-05-31 23:32:20
22BH6517,webcam,2026-05-31 23:32:21
22BH6517A,webcam,2026-05-31 23:49:56
22BH6517A,webcam,2026-05-31 23:49:56
22BH6517A,webcam,2026-05-31 23:49:57
22BH6517A,webcam,2026-05-31 23:49:58
22BH6517A,webcam,2026-05-31 23:49:58
22BH6517A,webcam,2026-05-31 23:50:00
22BH6517A,webcam,2026-05-31 23:50:01
22BH6517A,webcam,2026-05-31 23:50:02
22BH6517A,webcam,2026-05-31 23:50:03
22BH6517,webcam,2026-05-31 23:50:04
22BH6517,webcam,2026-05-31 23:50:04
22BH6517,webcam,2026-05-31 23:50:05
22BH6517,webcam,2026-06-01 00:06:50
22BH6517,webcam,2026-06-01 00:06:50
22BH6517,webcam,2026-06-01 00:06:50
22BH6517,webcam,2026-06-01 00:06:51
22BH6517,webcam,2026-06-01 00:06:54
22BH6517,webcam,2026-06-01 00:06:54
22BH6517,webcam,2026-06-01 00:06:55
22BH6517A,webcam,2026-06-01 00:06:55
22BH6517A,webcam,2026-06-01 00:06:55
22BH6517A,webcam,2026-06-01 00:06:56
22BH6517A,webcam,2026-06-01 00:06:56
22BH6517A,webcam,2026-06-01 00:06:57
ZZ8H6517A,webcam,2026-06-01 00:16:49
22BH6517A,webcam,2026-06-01 00:16:50
22BH6517A,webcam,2026-06-01 00:37:00
RJ14CV0002,webcam,2026-06-01 11:53:47
